Texto para traducir y resumir,Resumen en español,Idioma detectado,timestamp
"1. Llega tarde a cualquier sitio, ya sea prácticas, teoría o exámenes
2. ⁠No es previsor a la hora de reservar aulas, haciendo que perdamos tiempo de examen y luego no pueda recuperarse 
3. ⁠Que reste tiempo del examen por llegar él 30 minutos tarde sin previo aviso y recoger antes de la hora. No se ha molestado ni a llegar a un consenso con los alumnos 
4. ⁠No proporciona material adecuado / insuficiente para preparar bien un examen de ese calibre
5. ⁠Con relación al punto 4, no ofrece material de apoyo extra en caso de que alguien quisiera profundizar de cara al examen
6. ⁠Nos trata con superioridad y en casos, con poco respeto (véase en las prácticas, preguntar dudas, en teoría, etc)
7. ⁠Da por hecho contenido que nunca hemos dado en la carrera. Entiendo que no tenga tiempo suficiente, pero tampoco ofrece material de apoyo para que nos lo veamos en casa y al menos tengamos una idea, porque seamos sinceros, no es lo mismo buscar en YouTube un vídeo sobre cómo hacer una derivada, que circuitos como estos que en cada sitio lo explican de una forma totalmente distinta e incluyen contenido que nunca hemos visto
8. ⁠No salirse durante la encuesta del profesorado
9. ⁠Avisa de la revisión de examen con menos de 24 horas de antelación
10. ⁠La calidad del material como transparencias, ejercicios o fotografías entre otros es bastante mejorable 
11. ⁠En las transparencias hay ejercicios no resueltos y no explicados en clase que luego aparecen en el examen, y nos falta base para saber cómo debemos afrontarlos, ya que nunca hemos tenido un modelo similar
12. ⁠No avisa de los contenidos que aparecerán en el examen ni manda un correo notificándolo con antelación 
13. ⁠No da facilidades para poder hacer la revisión del examen otro día ni telemáticamente","Llega tarde en cualquier lugar, ya sea prácticas, teoría o exámenes de antemano 2. No es predictivo cuando reservamos clases, lo que nos hace perder tiempo para el examen y luego no se puede recuperar 3. No proporciona material adecuado / insuficiente para re-preparar el examen de antemano.","{""label"": ""Resumen en espa\u00f1ol (texto original en: es)"", ""confidences"": null}",2025-06-07 20:01:56.572317
